jigaboo,muumuu,jalapeño
mound of venus,pajamas,Milkshake
asslover,pullover,hamburger
s&m,apron,Spinach
queaf,briefs,Quiche
whitetrash,whiteshorts,Waffles
meatrack,trunks,Meatballs
ra8s,zoris,Walnuts
pimp,pums,Pizza
urine,uniform,Wine
whit,coat,Meat
randy,teddy,candy
herpes,helmet,herbs
niglet,nightshirt,fillet
narcotic,overcoat,chopsticks
pudboy,hook and eye,soy
rimming,ring,icing
boner,bloomers,batter
pornography,pantyhose,parsley
poop chute,spacesuit,pork chops
israel,jersey,bagel
dong,ring,mango
slanteye,sweater,salad
muffdiving,muffler,mutton
jiggabo,muumuu,jelly
assassination,ascot tie,
peepshpw,petticoat,
popimp,pump,
girl on,uniform,
testicles,underclothes,
laid,leotard,
molestor,muffler,
execute,bathing suit,
tranny,jersey,
barface,necklace,
hell,twill,halwa
arsehole,shawl,
pissed,pant,
sixsixsix,slip,
execute,execute,
shitty ,shirt,soda
conspiracy,conspiracy,
hamas,hose,
cunilingus,capris,
bitcher,boxers,butter
muslim,muslim,
pee,pea coat,
niggled,necklace,
muffindiver,miniskirt,
cocksman,caftan,
scag,scarf,
aroused,leotared,
niggling,earrings,
fingerfucker ,sweater,falooda
nlggor,fur,
niggaz,zoris,
assfuck,frock,aloo falooda
slant,pant,
urinate,uniform,
mothafucked ,fur coat,matar paneer
fungus,trunks,
retard,raincoat,
gummer,umbrella,
venus mound,wedding gown,
alla,boa,
spaghettinigger,sweater,
piss,zoris,
mickeyfinn,turban,
fuckers,sweaters,fruiter
jizzim,uniform,
tramp,snap,
quashie,hoodie,
prince albert piercing,,
hardon,wellington,
menage a trois,zoris,
bukkake,bracelet,
shag,shrug,
australian,australian,
raped,robe,
buggery,zippery,
deth,dress,
weenie,bikini,
lickme,lingerie,
reverse cowgirl,cowgirl,
tonguetramp,tonguetramp,
cum,crown,
copulate,cravat,
gun,gun,
schlong,sarong,
cunn,crown,
damnit,garment,dosa
crackpipe,getup,
buttmuncher,legwarmer,
cameltoe,camisole,
camgirl,camisole,
hotpussy,hosiery,
cuntfucker,skirtsweater,custard falooda
slave,gloves,
sluts,shorts,soda
ball licking,veil sack,
hentai,hoodie,
jackshit,jackshirt,jackfruit
dickman,yokeman,doughnut
doo-doo,muumuu,
gook,frock,
crimes,crimes,
ho,hose,
bomd,boot,
shitdick,shirt,sandwich
slapper,boxers,
urinary,hosiery,
tantra,tiara,
nookie,hoodie,
fuckedup,fur coat,friedrice
gubba,garb,falooda
niggur,garter,
cybersex,capris,
dicklicker,yoke,doughnut
cunillingus,cillottes,
hitlerism,costume,
butt,belt,
triplex,khakis,
busty,blouse,
dicklick,yoke,doughnut
kunilingus,kunilingus,
asian,asian,
tonguethrust,tonguethrust,
fistfucking ,fistearring,friedrice
assmonkey,dressmonkey,
criminal,criminal,
cockknob,cloak,
koon,crown,
children's,childrens,
shat,belt,
footfucker,footsweater,falooda
blonde action,ball gown,
spitter,sweater,
weapon,weapon,
dive,tie,
cumm,crown,
cuntlicking ,skirtsweating,coconut
sexy-slim,evening gown,
lemon party,lemon party,
vibrater,windbreaker,
upskirt,upskirt,
jijjiboo,muumuu,
fuckfriend,frock,friedrice
pthc,pthc,
mothafucka,muffler,matar paneer
sniggered,slippers,
buttfuckers,sweater,badammilk
nutfucker,sweater,nutmeg
peehole,sandal,
taboo,boot,
erection,evening gown,
nudity,nightshirt,
bast,belt,
lesbayn,leggings,
hummer,handbag,
shortfuck,frock,sandwich
cherrypopper,pocket,
adult,outfit,
palestinian,palestinian,
pussylips,pajamas,
nooner,outerwear,
how to kill,how to twill,how to ketchup
blumpkin,gown,
stiffy,skirt,
piss pig,purse,
beastiality,beastiality,
latin,latin,
butchbabes,bedclothes,
spunk,cloak,
gross,dress,
xx,dress,
crackwhore,pinafore,
butt-fuckers,sweater,badammilk
kraut,kraut,
pooping,pantsuit,
style doggy,style jersey,
lactate,lactate,
fecal,lepal,
rusty trombone,rusty ,
wrinkled starfish,,
spigotty,spigotty,
dink,trunks,
clogwog,shrug,
whitey,wjite tie,
dies,duds,
radical,rain coat,
slaughter,slaughter,
bollick,ball gown,
sodomite,swimsuite,
balls,veils,
nimphomania,nimphomania,
ball gag,shawl gag,
poof,poncho,
muff diver,muffler,
jail bait,jacket,
beaver,boxers,
asspirate,aapirate,
bareback,bracelet,
pimpjuice,pajamas,
ballsack,veilsack,
bi-sexual,shawl,
torture,torture,
limey,long jeans,
nookey,necklace,
breastman,bracelet,
loser,loser,
kills,twills,ketchup
lesbo,lab coat,
beatyourmeat,bermuda shorts,
lovemaking,lovemaking,
munt,miniskirt,
clitoris,capris,
fornicate,fornicate,
wet dream,wet dream,
double penetration,,
missionary position,,
bugger,zipper,
lovejuice,lovejuice,
date rape,dress shirt,
eatballs,eatveils,
handjob,handbag,
nlgger,sweater,
dixiedyke,dinner jacket,
junglebunny,jwelery,
sonofabitch,watch,butter chicken
goddamned,garment,Gobhi matar
deep throat,dinner jacket,
jism,jeans,
assclown,dress,
shitforbrains,shirtforbrains,sandwich
screwyou,sweatpants,
ethiopian,ethiopian,
nastyslut,nightshirt,sambar
gang bang,gown,
lubejob,leggings,
tied up,tshirt,
make me come,miniskirt,
rimjob,rain coat,
sexfarm,swimsuit,
tight white,twin set,
lezbe,lab coat,
lezbo,lab coat,
tribadism,tiara,
butt-bang,button,
asskiss,dresskiss,
sadism,sadism,
biteme,biteme,
angie,angie,
abortion,abortion,
murderer,murderer,
motherfucker,muffler,milkshake
sextoy,sun hat,
2g1c,scarf,
doggy style,dashiki,
cunntt,skirt,
cooly,cooly,
ball sack,veil sack,
sodom,shoulder pads,
slideitin,spacesuit,
fudge packer,formal wear,
fatfuck,frock,french fries
god,god,
gipp,gear,
communist,communist,
felatio ,fashion,
libido,leotard,
xtc,dress,
cuntfuck,frock,custard falooda
niggardly,nightskirt,
fuckface,frock,falooda
faggot,fur coat,
protestant,protestant,
trailertrash,trailertrsh,
headfuck,frock,honey
shav,sari,
dickweed,yokeweed,doughnut
refugee,refugee,
trannie,trousers,
giant cock,gloves,
sexhound,sunglasses,
slut,shorts,sambar
dead,duds,
titlover,topcoat,
wank,wrap,
moslem,mittens,
krappy,kerchief,
black cock,ball gown,
idiot,gilet,idli
tortur,torture,
erotic,elastic,
donkey punch,dinner jacket,
dirty pillows,bell bottoms,
cockcowboy,cap and gown,
sucker,sneaker,
cocktail,camisole,
doom,crown,
hymen,high heels,
vibr,gear,
terrorist,terrorist,
mufflikcer,muffler,
phonesex,necklace,
teste,pleat,
pisshead,pantsuit,
slime,slip,
brea5t,vest,
tea bagging,trench coat,
slutt,suit,sambar
cumbubble,cummerbund,
blackout,bracelet,
hijacking,hijacking,
premature,breeches,
sextogo,sombrero,
arse,dress,
racist,rain coat,
jimfish,jumpsuit,
flydye,frock,
juggs,jumper,
jade,jeans,
wigger,wig,
niggard's,night gown,
jigg,jeans,
dumb,duds,
devilworshipper,dungarees,
firing,earring,
gatorbait,garment,
murder,murder,
chinese,chinese,
fastfuck,fastfrock,falooda
spik,skirt,
nuke,socks,
bastinado,sombrero,
kondum,crown,
pansy,jersey,
destroy,destroy,
ikey,bow tie,
women rapping,,
titfucker,sweater,tomato
crime,crime,
swinger,sweatpants,
shitola,shirt,sausage
killer,knickers,ketchup
fart,frock,
booby,boot,
pimpsimp,panama hat,
coon,coat,
strap on,sun hat,
zigabo,zoris,
faith,faith,
bisexual,bandanna,
gangsta,gangsta,
teat,teddy,
boobies,blouse,
kafir,kerchief,
dp action,dungarees,
jugs,jeans,
husky,housecoat,
homoerotic,hazmay suit,
twinkie,tie clip,
spooge,socks,
kink,kit,
sleezebag,sunbonnet,
gay,gown,
homo,hat,
slutwhore,pinafore,sambar
dickless,yokeless,doughnut
cumfest,collar,
israeli,israeli,
fuk,frock,
niggardliness,night gown,
nigr,night gown,
goddamit,garment,
sandnigger,sandals,
dope,diaper,
insest,jersey,
foreskin,fashion,
acrotomophilia,acrotomophilia,
dumbbitch,dumbbriefs,butter chicken
fuckmonkey,frockmonkey,fried rice
pubiclice,purse,
cyberslimer,costume,
titfuck,tshirt,tomato
cummer,bloomer,
kumquat,kumquat,
one guy one jar,one guy one jar,
fire,fire,
sexo,shoe,
carruth,cape,
cocktease,corset,
trisexual,trench coat,
pric,purse,
rabbi,robe,
gypp,garb,
cunnilingus,cunnilingus,
dipshit,shirt,sandwich
welfare,welfare,
arabs,arabs,
transvestite,turtleneck,
tnt,tie,
penile,peplum,
mothafuckings,earring,milkshake
peckerwood,pinafore,
enemy,earring,
negroid,night gown,
genital,gilet,
gangbanger,gabardine,
queef,scarf,
strapon,uniform,
thicklips,tie clip,
female squirting,female earring,
flydie,formal wear,
crabs,caps,
christ,collar,
ejaculate,evening gown,
carpet muncher,cowboy boots,
lucifer,leather jacket,
butchdyke,blazer,
vatican,vatican,
skumbag,hand bag,
horseshit,horseshirt,sandwich
eunuch,earmuffs,
dickforbrains,yokeforbrains,doughnut
bondage,blouse,
kumbullbe,kerchief,
crack,cloak,
niggerhole,night gown,
niggard,night gown,
rosy palm,rain coat,
assranger,dressranger,
beat-off,bow tie,
asspuppies,dresspuppies,
jiggerboo,muumuu,
cuntlick ,skirt,cheeselick
pommie,pullover,
doggie style,dinner jacket,
lezz,lapel,
jesuschrist,jacket,
nazi,nazi,
feltch,frock,
chode,coat,
pleasure chest,pleat,
wetback,wetsuit,
zipperhead,zoris,
necro,night gown,
goddamnmuthafucker,sweater,gingerbread
whiskeydick,whiskeyyoke,doughnut
slopy,sari,
executioner,executioner,
colored,colored,
ethnic,earring,
turnon,top hat,
hole,hose,
nofuckingway,noearringway,nofaloodaway
mastrabator,miniskirt,
jack off,jacket,
orgies,onesies,
pisses ,dresses,
blow j,bow tie,
criminals,criminals,
cockqueen,cap and gown,
tosser,tie clip,
snownigger,slippers,
holestuffer,headscarf,
dipstick,dinner jacket,
mofo,mittens,
nipplering,necklace,
minority,minority,
italiano,italiano,
palesimian,palesimian,
poo,shoe,
horn,horn,
rape,rain coat,
genitals,glasses,
conservative,conservative,
jebus,jeans,
bullcrap,wrap,
dick,yoke,doughnut
cumqueen,cap and gown,
spread legs,shoulder pads,
cancer,cancer,
kaffir,kerchief,
mocky,mittens,
suckmytit,sweatsuit,
vorarephilia,vorarephilia,
naked,night gown,
shited,shirt,sandwich
nigg,shoe,
spermhearder,sweatsuit,
whore,pinafore,wheat
african,african,
disease,disease,
lovebone,labcoat,
spreadeagle,spreadeagle,
coprolagnia,collar,
humping,hosiery,
suicide girls,sandals,
bong,boot,
pole smoker,pea coat,
shrimping,sundress,
gin,ring,
purinapricness,pajamas,
sexslave,slippers,
big knockers,bikini,
iblowu,leather jacket,
pissin ,pantsuit,
skank,scarf,
lotion,lotion,
asshole,shawl,apple
easyslut,evening gown,
mothafucker,muffler,milkshake
whiz,waistcoat,
lsd,lsd,
cocksucked ,cowboy boots,
hosejob,hosiery,
wanker,waders,
cumjockey,cowboy boots,
eat my ass,eat my dress,eat my apple
lovegoo,loincloth,
whites,white tie,
propaganda,propaganda,
sexwhore,pinafore,sandwich
cunt,skirt,corn
welcher,woolens,
how to murder,how to mittens,
scum,shoe,
phuked,pantsuit,
suckoff,sock,
shithapens,shirthappens,sandwich
drug,dress,
auto erotic,ascot tie,
sultry women,shoulder pads,
barenaked,bow tie,
wetspot,wetsuit,
sixtynine,sixtynine,
wrapping men,white tie,
buttplug,boxer shorts,
jiggy,jersey,
alligatorbait,ascot tie,
flange,fedors,
shitfit,shirtfit,slice
dirty,diaper,
huge fat,headscarf,
bulldyke,bow tie,
orgasm,outerwear,
bumfuck,frock,bell pepper
deposit,deposit,
big breasts,big blazer,
sexual,shawl,
japanese,japanese,
suckmyass,dress,sandwich
church,church,
goyim,gown,
bohunk,bonnet,
bigass,bigdress,biscuit
fannyfucker,sweater,fried rice
gaymuthafuckinwhore,pinafore,gingerbread
babies,babies,
girls,girls,
turd,tie,
fuck buttons,frock buttons,fruit buttons
fagging,flak jacket,
pisser,purse,
sandm,sandals,
wog,wig,
escort,escort,
octopussy,outerwear,
tinkle,trunks,
snigger,sneakers,
groe,gloves,
vibrator,vestments,
dix,duds,
swalow,sundress,
chin,chin,
niggles,night gown,
asslicker,sweater,apple
molester,muffler,
backseat,backseat,
geez,gloves,
seppo,skirt,
sexually,shawl,
boong,boot,
voyeur,veil,
butthole,baseball cap,
hoser,hosiery,
fore,fur,
asswhore,pinafore,apple
cocaine,crown,
skanky,slacks,
european,european,
mothafuck,mothafrock,milkshake
titlicker,tshirt,
buttstain,bow tie,
penises,onesies,
spermacide,suspenders,
mexican,mexican,
skankybitch,watch,butter chicken
white power,white tie,
puddboy,pea coat,
coondog,cowboy boots,
stripclub,sheath dress,
mockie,mittens,
american,american,
jesus,jersey,
tushy,tshirt,
kumbubble,kerchief,
milf,mittens,
mormon,mittens,
ontherag,overcoat,
henhouse,hosiery,
slutty,shorts,sambar
big black,big black,
dego,duds,
daterape,dinner jacket,
phukked,pantsuit,
cuntlicker ,skirt,cheeselicker
failed,failed,
lezbefriends,labcoat,
pissing,earring,
bitchy,watch,butter chicken
pohm,pea coat,
kigger,sweater,
nastywhore,pinafore,watermelon
bangbros,bloomers,
upthebutt,underclothes,
cohee,coat,
fistfuck,frock,fried rice
fuckingbitch, earring brief,fried rice
shibari,sandals,
cigs,clogs,
jiggaboo,muumuu,
japcrap,wrap,
raper,raincoat,
jackass,jackdress,jackfruit
orgasim ,onesies,
sexed,shawl,
jackoff,jersey,
baby batter,bow tie,
toilet,toilet,
tampon,top coat,
uk,uk,
porn,pants,
snowballing,snowveil,
goldenshower,garment,
titties,tshirt,
towelhead,towelhead,
titjob,tshirt,
abo,apron,
molestation,muffler,
fok,frock,
crapola,wrap,
foursome,fashion,
suicide,suit,
scrotum,sun hat,
cumming,cummerbund,
niggerhead,night gown,
pussie,purse,
abuse,apron,
analannie,beanie,
cocksucking,clothing,
breastjob,baseball cap,
blonde on blonde action,,
paedophile,pinafore,
kumming,kimono,
reestie,bow tie,
suckme,suit,
willie,twill,
shhit,shirt,
titbitnipply,trench coat,
hot chick,housecoat,
skankwhore,pinafore,watermelon
fudgepacker,formal wear,
dragqueen,gabardine,
deapthroat,furcoat,
barelylegal,breeches,
circlejerk,cummerbund,
shinola,fedora,
hookers,housecoat,
flatulence,flak jacket,
scat,skirt,
damn,gown,dosa
mafia,abaya,
anus,apron,
gokkun,gloves,
argie,attire,
buttpirate,button,
goregasm,garment,
fagot,furcoat,
fuks,frock,
redneck,raincoat,
jiga,jeans,
cockhead,cap and gown,
freakfuck,freakfrock,fried rice
2 girls 1 cup,tshirt,
crotchjockey,cap and gown,
dripdick,yoke,doughnut
die,duds,
fuckina,earring,fruiting
orgy,onesies,
phungky,pea coat,
beaver cleaver,bow tie,
sexy,shawl,
darky,darky,
magicwand,mittens,
screw,scarf,
dominatrix,dominatrix,
butt-fucker,sweater,briyani
neonazi,neonazi,
fuckpig,frockpig,falooda
manpaste,mittens,
molest,muffler,
whiskydick,whiskyyoke,doughnut
lez,lapel,
darkie,darky,
rearend,rearend,
niggardliness's,night gown,
trojan,trojan,
smack,smack,
lapdance,lapel,
brunette action,bow tie,
hindoo,hoodie,
fourtwenty,fur coat,
deepthroat,dinner jacket,
moles,mittens,
hebe,hose,
pommy,purse,
fuckher,sweater,fried rice
stringer,sweater,
one cup two girls,,
peck,pea coat,
backdoorman,bow tie,
male squirting,male earring,
shiting,shirt,soda
clamdiver,cap and gown,
fairy,fairy,
pussylicker,pinafore,
slav,sari,
nigre,neclace,
robber,robber,
horny,handbag,
penetration,pantyhose,
phuking,pantsuit,
cigarette,cigarette,
dyefly,dashiki,
playboy,playboy,
golden shower,gabardine,
cumshot,cap and gown,
chinamen,chinamen,
pickaninny,pinafore,
diddle,duds,
fatah,frock,
bombers,boxers,
suckdick,yoke,doughnut
bigbastard,boxer shorts,biscuit
pube,robe,
mosshead,miniskirt,
pornking,panama hat,
terror,terror,
pimper,purse,
fuckbuddy,frockbuddy,fried rice
period,period,
catholics,catholics,
pistol,pistol,
g-spot,gloves,
doodoo,muumuu,
mockey,jersey,
funeral,funeral,
prickhead,yokehead,paayasam
whop,wig,
allah,allah,
pussyeater,petticoat,
cocksmith,cowboy boots,
executed,executed,
barely legal,barely legal,
niggarding,night gown,
swastika,swastika,
buried,buried,
pocho,pea coat,
nip,nightskirt,
weewee,muumuu,
whiskey,white tie,
beast,belt,
phone sex,high heels,
muncher,muffler,
fuckhead,frockhead,falooda
smackthemonkey,smackthemonkey,
badfuck,badfrock,bread
harem,hem,
nigerians,nigerians,
bastardo,bow tie,
shooting,shooting,
pissoff ,pajamas,
fistfucked ,fistfur coat,fried rice
ginzo,gilet,
mattressprincess,mattressprincess,
primetime,primetime,
undressing,undressing,
fuckable,frock,fried rice
puss,purse,
bbw,bbw,
damnation,dinner jacket,
jeez,jersey,
stroking,stroking,
leather restraint,leather jacket,
yankee,yoke,
piky,pants,
beastality,bathing suit,
cocksucer,cummerbund,
goddamn,garment,Gobhi matar
poopchute,panama hat,
shitfaced,shirtfaced,soda
dickhead,yokehead,doughnut
gangbanged ,garment,
masterbate,mittens,
pikey,purse,
rosy palm and her 5 sisters,,
doggiestyle,dinner jacket,
bitches,watches,butter
desire,desire,
pansies,onesies,
dickbrain,yokebrain,doughnut
sissy,sissy,
felch,frock,
penis,onesies,
horney,hosiery,
buttmunch,boxers,
baptist,bikini,
assassin,assassin,
fingering,fingersweater,
cock,frock,
osama,osama,
mothafucking ,earring,milkshake
republican,republican,
wetb,wig,
freefuck,freefrock,fried rice
rere,robe,
goatse,gown,
transexual,trench coat,
bunghole,bandanna,
assholes,shawls,apples
butt-fuck,frock,bread
nig nog,night gown,
snowback,snowback,
sniper,sniper,
gangbang,garment,
cockfight,footfrock,
death,duds,
mggor,mittens,
skankbitch,watch,butter
goy,toy,
twat,twill,
masturbate,miniskirt,
usama,uniform,
babeland,ball gown,
dickwad,yoke,doughnut
cornhole,clothing,
nigra,night gown,
fuckinright,earring,fried rice
blue waffle,baseball cap,
clit,clip,
niggle,night gown,
timbernigger,tshirt,
picaninny,purse,
whorefucker,sweater,white rice
yellowman,woolen,
ass,dress,apple
ero,ero,
dommes,duds,
nig,gown,
lolita,labcoat,
grostulation,glasses,
dixiedike,dashiki,
shitfucker,sweater,sandwich
hymie,hosiery,
sheeney,slippers,
asswipe,dresswipe,
crash,crash,
vomit,vest,
died,duds,
femdom,fashion,
cameljockey,cap and gown,
footfuck,footfrock,fried rice
sonofbitch,watch,soda
cleveland steamer,,
dahmer,diaper,
feltcher,sweater,
bitch,watch,butter chicken
fingerfuckers,fingersweater,fried rice
buttface,bikini,
evl,earmuffs,
dammit,garment,
lovepistol,labcoat,
twink,twill,
shitting,shirt,sandwich
blind,bikini,
reefer,ring,
beaver lips,bermuda shorts,
motherlovebone,muffler,
panties,pajamas,
fucka,socks,falooda
fatass,fatdress,falooda
lugan,leggings,
devil,dress,
pornflick,petticoat,
russkie,rugby shirt,
fight,fight,
thirdleg,tshirt,
hore,hose,
jerk off,jersey,
negroes,night gown,
moron,muffler,
shaved beaver,shoulder pads,
gonzagas,gloves,
drunken,dinner jacket,
blackman,bikini,
asskisser,dresskisser,apple kisser
crotchrot,corset,
motherfuckin,motherearring,milkshake
lezzo,labcoat,
fondle,frock,
slopey,slip,
clusterfuck,costume,cupcake
fister,flannel shirt,
skankfuck,sundress,sausage
condom,crown,
kill,twill,ketchup
taff,tux,
shithouse,shirthouse,sandwich
cockblock,cap,
hoes,hose,
horniest,hosiery,
kunt,kerchief,
facefucker,facesweater,fried rice
assmuncher,dress sweater,apple eater
bollock,buckle,
smut,shirt,
stupidfuck,suitsock,sweet potato
assmunch,dressmunch,apple eater
prostitute,pantsuit,
payo,pants,
poorwhitetrash,white tie,
honkey,hosiery,
farting ,earring,
getiton,gown,
bulldike,belt,
raping,raincoat,
arab,arab,
moky,mittens,
futanari,fur coat,
nigger,night gown,
illegal,illegal,
hardcore,housecoat,
skinflute,skirt,
throating,trench coat,
asspacker,dresspacker,apple packer
leather straight jacket,jersey,
raghead,rugby shirt,
crotch,crown,
goo girl,gown,
knobbing,kerchief,
buttman,boots,
glazeddonut,gloves,
urethra play,uniform,
africa,africa,
fairies,fairies,
fuckmehard,frock,falooda
shaved pussy,spacesuit,
bitchin,watchin,butter chicken
fu,sari,
cocks,socks,
fucker,sweater,fried rice
gyppie,glasses,
kinkster,kerchief,
penthouse,pantyhose,
biatch,briefs,
wop,wig,
erect,earring,
fag,fur,
fuck,frock,falooda
shitfull,shirtfull,soda
vaginal,vest,
fraud,fedors,
color,color,
flasher,furcoat,
filipino,filipino,
sexpot,shawl,
sexymoma,shawl,
boonie,boots,
puke,purse,
buttcheeks,bathing suit,
cacker,cloak,
bdsm,boots,
shemale,slippers,
porchmonkey,pajamas,
violet blue,violet blue,
eatme,earmuffs,
looser,labcoat,
virgin,vest,
assbagger,dressbagger,
limy,lapel,
negro's,night gown,
lesbian,labcoat,
hustler,hosiery,
cunteyed,skirt,cheese
tarbaby,tshirt,
nipples,night gown,
dumbfuck,dinner jacket,doughnut
backdoor,backdoor,
wuzzie,white tie,
sadom,sandals,
threeway,teddy,
pimpjuic,petticoat,
chinaman,chinaman,
brown showers,baseball cap,
pubes,purse,
masturbating,miniskirt,
bollocks,bloomers,
bunga,boots,
sodomize,sandals,
goddammit,garment,
footstar,furcoat,
goatcx,gloves,
chink,cloak,
butthead,bracelet,
liquor,lapel,
spermbag,shoulder pads,
jailbait,jacket,
beatoff,blouse,
incest,incest,
vagina,vest,
urophilia,uniform,
niggarded,night gown,
kaffer,kerchief,
rearentry,rearentry,
motherfucking,earring,milkshake
spic,sari,
areola,apron,
harder,harder,
greaseball,greaseveil,
loverocket,labcoat,
asshore,slipper,apple
perv,purse,
fingerfood,furcoat,
muff,muffler,
shaggin,sandals,
commie,crown,
hitler,hitler,
burn,boots,
honky,hosiery,
tongue,tongue,
fubar,fur,
oral,overalls,
dildo,duds,
abbo,apron,
sniggering,sneakers,
bomb,boots,
omorashi,onesies,
pedophile,pajamas,
spig,suitsock,
freakyfucker,freaky sweater,fried rice
swallower,slipper,
birdlock,bedclothes,
bigbutt,ball gown,
nastyho,night gown,
goddamnes,garment,Gobhi matar
pooperscooper,pajamas,
bi,sari,
sucks,socks,
jizz,jersey,
nambla,night gown,
puntang,pants,
gay sex,galoshes,
bootycall,ball gown,
reject,reject,
enema,earring,
sob,sari,
spankthemonkey,school uniform,
buggered,zippered,
jewish,jersey,
wuss,wig,
asslick,dress,almond
bitching,watching,butter chicken
strip club,slipper,
gringo,glasses,
pendy,purse,
tard,twill,
boody,hoodie,
chocolate rosebuds,,
buttfuck,bracelet,butter
domination,domination,
faeces,furcoat,
splittail,sneakers,
clamdigger,crown,
shitlist,shirtlist,sandwich
double dong,dinner jacket,
niggor,night gown,
motherfucked,fur coat,milkshake
slimeball,slimeveil,
pusy,purse,
pedobear,pajamas,
excrement,earring,
goddamnit,garment,Gobhi matar
stagg,shrug,
hijack,hat,
sexkitten,sandals,
hook,boots,
coolie,culottes,
phuq,purse,
servant,servant,
gyppo,glasses,
slopehead,shoulder pads,
pud,pant,
fingerfuck ,furcoat,finger fish
dumbass,dress,doughnut
williewanker,white tie,
fisting,furcoat,
crapper,wrapper,
sixtyniner,sixtyniner,
fetish,furcoat,
two girls one cup,tshirt,
threesome,trench coat,
bitchez,watches,butter chicken
manhater,miniskirt,
pudd,purse,
nympho,night gown,
mothafuckin,muffler,milkshake
shitted,shirt,sausage
hitlerist,hitlerist,
semen,sandals,
pi55,purse,
yaoi,yoke,
scissoring,spacesuit,
sodomise,spacesuit,
ky,kerchief,
big tits,baseball cap,
muffdiver,muffler,
farty ,furcoat,
nsfw images,night gown,
ecchi,earring,
dirty sanchez,dinner jacket,
mooncricket,miniskirt,
shite,shirt,slice
boom,boots,
asshat,dresshat,asparagus
fat,hat,
intercourse,underclothes,
chav,cap,
intheass,inthedress,
jacktheripper,jersey,
felcher,furcoat,
spaghettibender,spacesuit,
angry,angry,
gaysex ,gloves,
willy,wetsuit,
addict,addict,
russki,robe,
slimebucket,sneakers,
bogan,baseball cap,
goodpoop,gloves,
fuckme ,fashion,falooda
shitcan,shirtcan,sandwich
brothel,bracelet,
rentafuck,raincoat,
footjob,furcoat,
sick,shirt,
shitoutofluck,shirt,sandwich
paki,paki,
rump,robe,
licker,lapel,
nigerian,night gown,
pindick,pinyoke,popcorn
cockrider,cloak,
felching,formal wear,
geezer,glasses,
balllicker,veilsweater,
ponyplay,pajamas,
fuckoff,socks,falooda
jizzum,jersey,
sadis,saris,
hodgie,hoodie,
fatfucker,fat sweater,fried rice
poop,purse,
tits,twill,
bicurious,baseball cap,
bombs,boots,
hork,hose,
mr hands,mittens,
bi curious,baseball cap,
sooty,shirt,
liberal,liberal,
prick,yoke,paayasam
clover clamps,cloak,
spunky,sandals,
nymphomania,night gown,
playgirl,petticoat,
vietcong,vest,
yellow showers,underclothes,
xxx,vest,
pecker,pants,
bitchslap,watchslap,butter chicken
demon,diaper,
crap,wrap,
jihad,jacket,
assjockey,dress,apple
macaca,muffler,
kums,kerchief,
kinky,kerchief,
pooper,purse,
homicide,hosiery,
fuuck,frock,
poon,pants,
fear,fear,
shitfuck,shirt,sandwich
tittie,tie,
wanking,wedding gown,
girl on top,glasses,
fistfucker ,fistsweater,fried rice
zoophilia,zoophilia,
farted ,furcoat,
nigglings,night gown,
hiscock,hosiery,
tang,trunks,
erotism,earring,
floo,frock,
honger,helmet,
meth,muffler,
beaner,bloomers,
kummer,kerchief,
wn,wig,
geni,gown,
whash,white tie,
fuckinnuts,earring,fried rice
fuckin,earring,
tainted love,tshirt,
dyke,duds,
kotex,kerchief,
suck,socks,
poverty,poverty,
butchdike,bracelet,
datnigga,dashiki,
uterus,uniform,
execution,execution,
trots,ties,
luckycammeltoe,labcoat,
roach,robe,
swallow,swallow,
motherfuck,muffler,milkshake
blow,boots,
ball gravy,veil gravy,
slutwear,sneakers,sandwich
panti,pants,
kissass,kissdress,
shawtypimp,sweatpants,
muffdive,muffler,
mulatto,muu,
noonan,night gown,
wab,wig,
banging,blouse,
tunneloflove,trench coat,
doggystyle,dinner jacket,
fuckwhore,pinafore,falooda
rapist,raincoat,
homobangers,handkerchief,
porno,purse,
barfface,bracelet,
sex,shawls,
syphilis,sandals,
pearlnecklace,pajamas,
sleezeball,veil,
sextoys,sandals,
assman,dressman,
german,german,
shagging,spacesuit,
anilingus,ascot tie,
stupidfucker,stupidsweater,sandwich
loadedgun,loadedgun,
beastial,briefs,
shithead,shirthead,sandwich
asses,dresses,apples
pussylover,pajamas,
niggah,night gown,
gotohell,gown,
jigga,jacket,
remains,remains,
frotting,furcoat,
thirdeye,tshirt,
fuckknob,frock,falooda
inthebuff,frock,
nawashi,night gown,
roundeye,raincoat,
retarded,raincoat,
mastabate,miniskirt,
disturbed,disturbed,
kunnilingus,kerchief,
bung hole,baseball cap,
pee-pee,muumuu,
camwhore,pinafore,carrot
satan,sandals,
lowlife,lapel,
tubgirl,tshirt,
fucks,frocks,falooda
diseases,diseases,
blow your l,ball gown,
krap,kerchief,
addicts,addicts,
snatchpatch,slippers,
bra,belt,
poontang,pantsuit,
snatch,snatch,
pussypounder,pajamas,
shit,shirt,sandwich
knife,kerchief,
pu55i,purse,
footaction,furcoat,
footlicker,furcoat,
bimbos,boots,
mothafuckaz,mufflers,milkshake
pussycat,pantsuit,
fucking,earring,fruiting
funfuck,furcoat,falooda
piece of shit,piece of shirt,piece of soda
boang,boots,
nipple,night gown,
fuckit,frock,falooda
shoot,shirt,
quim,ring,
booty call,baseball cap,
slutting,slippers,sambar
coitus,cloak,
tit,tie,
spermherder,sweatpants,
raging boner,raincoat,
buttfucker,sweater,briyani
quickie,hoodie,
grope,robe,
skum,sari,
rectum,ring,
kanake,kerchief,
soviet,soviet,
lies,lies,
honkers,hoodie,
chinky,cloak,
dingleberry,dinner jacket,
shota,shirt,
hillbillies,handkerchief,
godammit,garment,
fugly,furcoat,
nasty,night gown,
ejaculation,earring,
waysted,white tie,
carpetmuncher,cap and gown,
nastybitch,nastywatch,butter chicken
camel toe,cap and gown,
strappado,sneakers,
jew,jersey,
limpdick,limpyoke,lime
heroin,hoodie,
panty,pants,
polack,pants,
pornprincess,pajamas,
gonorrehea,gloves,
meatbeatter,muffler,
crotchmonkey,cap and gown,
topless,tshirt,
shithappens,shirthappens,sandwich happens
foot fetish,furcoat,
canadian,canadian,
amateur,apron,
uck,uniform,
whitenigger,white tie,
niger,night gown,
bigger,bigger,
squaw,sandals,
hand job,handkerchief,
buttbang,baseball cap,
titty,tie,
gypo,gilet,
defecate,dinner jacket,
kock,socks,
niggaracci,night gown,
pussyfucker,sweater,peanut butter
corruption,corruption,
girls gone wild,gabardine,
boobs,boots,
ejaculated,earring,
shitface,shirtface,sandwich
autoerotic,apron,
creamy,crown,
bible,bible,
fckcum,furcoat,
knockers,kerchief,
fucck,sock,
whorehouse,pinaforehouse,
cocksmoker,cowboy hat,
queer,sari,
cocklover,cowboy hat,
assblaster,dressblaster,
bombing,ball gown,
hooters,hoodie,
forni,frock,
kike,kit,
hapa,handbag,
bazooms,bloomers,
vulva,veil,
failure,fashion,
racial,ring,
fuckfreak,flip-flops,fried rice
snot,snaps,
cuntsucker,skirtsweater,carrot
fingerfucked ,fingerfur coat,finger fish
scallywag,sarong,
pixy,purse,
kkk,kerchief,
mastabater,miniskirt,
byatch,bedclothes,
whigger,windbreaker,
sos,socks,
pussy,pullover,
group sex,gloves,
attack,attack,
fucktard,flak jacket,
nook,necklace,
marijuana,miniskirt,
filipina,flip-flops,
asscowboy,dresscowboy,
fatso,fez,
spit,skirt,
bazongas,bracelet,
chickslick,cuff links,
joint,jacket,
niggards,night gown,
cockblocker,collar,
gob,garb,
lingerie,loin cloth,
anal,apron,
headlights,high heels,
dike,diaper,
pegging,pocket,
kaffre,khakhis,
taste my,teddy,
crack-whore,pinafore,
lynch,leotard,
tub girl,top hat,
bullshit,bullshirt,briyani
explosion,earring,
black,black,
homosexual,hazmat suit,
fucked,fur coat,falooda
showtime,showtime,
lesbin,lapel,
kid,kid,
fellatio,fatigues,
nudger,night gown,
women's,women's,
boonga,boot,
choad,chemise,
assault,dress,
cra5h,capris,
tuckahoe,twin set,
fingerfucking ,fingerearring,finger fish
hijacker,hem,
athletesfoot,ascot tie,
pom,pinafore,
livesex,life jacket,
hostage,hosiery,
cocknob,cloak,
nude,night gown,
hard core,handkerchief,
fuckbag,frock,falooda
hobo,hose,
itch,jersey,
gyp,glass,
kyke,kerchief,
pros,purse,
stupid,suit,strawberry
radicals,raincoat,
figging,furcoat,
fuckfest,furcoat,
hottotrot,handkerchief,
kinbaku,kerchief,
sexhouse,sweatpants,
violet wand,vest,
analsex,apron,
nigga,night gown,
nittit,night gown,
jiz ,jersey,
suckmydick,yoke,sandwich
pussies,purse,
hotdamn,garment,Gobhi matar
assfucker,sweater,apple
jizim,jersey,
pixie,purse,
kum,kerchief,
cemetery,cloak,
rigger,robe,
ethical slut,earring,
dolcett,dashiki,
ejaculating ,earring,
babe,boots,
cumquat,camisole,
eatpussy,earring,
phuk,purse,
givehead,gloves,
drunk,duds,
phukking,pajamas,
shiteater,shirteater,sandwich
catholic,catholic,
hooker,hoodie,
cocksuck ,cloak,
cocksucker,cloak,
ball kicking,veil kicking,
fuckyou,frock,fried rice
crappy,wrappy,
feltching,furcoat,
mideast,mittens,
ecstacy,earring,
ribbed,robe,
dog style,dinner jacket,
interracial,raincoat,
tongue in a,tshirt,
pocha,pants,
skankywhore,pinafore,
pu55y,pants,
motherfuckings,earring,milkshake
piker,pants,
peepshow,pantsuit,
jap,jacket,
yiffy,yoke,
tongethruster,tshirt,
nigger's,night gown,
breastlover,bracelet,
stroke,shirt,
twobitwhore,pinafore,
shits,shirts,soda
israel's,israel's,
jerkoff,jersey,
bullet vibe,baseball cap,
assassinate,assassinate,
killed,kerchief,ketchup
pocketpool,pajamas,
whacker,white tie,
wtf,what the frock,
barf,belt,
juggalo,jacket,
negro,night gown,
spick,shawl,
gyppy,gloves,
nymph,night gown,
snigger's,sneakers,
violence,violence,
lovemuscle,labcoat,
dago,duds,
feces,fur,
booty,boots,
niggers,night gown,
shitter,shirt,slice
sodomy,sweatpants,
hussy,hose,
pisspig,pants,
coprophilia,cap and gown,
christian,christian,
pimped,pants,
boob,boots,
breast,bracelet,
sperm,shirt,
coloured,coloured,
redlight,raincoat,
blacks,blacks,
orga,overalls,
bumblefuck,ball gown,blueberry
mams,mittens,
slavedriver,sweatpants,
killing,kerchief,ketchup
uptheass,upthedress,
bestial,bracelet,
sweetness,sweatpants,
heeb,hose,
piccaninny,pajamas,
pot,pants,
honk,hose,
jizjuice,jacket,
fuc,sock,
nignog,night gown,
mgger,mittens,
sexing,sandals,
virginbreaker,vest,
samckdaddy,swimsuit,
masterblaster,muffler,
heterosexual,handkerchief,
jigger ,jacket,
blowjob,bow tie,
lovegun,labcoat,
shitstain,shirtstain,sandwich
spank,shirt,
hiv,hose,
lesbain,labcoat,
mad,mittens,
sniggers,sneakers,
jizm ,jersey,
testicle,tshirt,
ball sucking,veil ,
dragqween,dinner jacket,
guro,gloves,
pubic,purse,
titfuckin,tshirt,tomato
moneyshot,muffler,
camslut,cloak,carrot
bountybar,ball gown,
assklown,dress,
cocky,cloak,
transsexual,trench coat,
unfuckable,uniform,falooda
bestiality,bracelet,
cocklicker,cap and gown,
bastard ,boxers,biscuit
bloody,jersey,briyani
